{"cameraMode":{"drawMode":0,"name":"Shaded","section":"Shading Mode"},"sceneLighting":true,"audioPlay":false,"sceneViewState":{"m_AlwaysRefresh":false,"showFog":true,"showSkybox":true,"showFlares":true,"showImageEffects":true,"showParticleSystems":true,"showVisualEffectGraphs":true,"m_FxEnabled":true},"in2DMode":false,"pivot":{"x":1.6047062873840333,"y":-3.796743392944336,"z":3.0378761291503908},"rotation":{"x":-0.3864929676055908,"y":-0.061576880514621738,"z":0.026023292914032937,"w":-0.919790506362915},"size":11.925186157226563,"orthographic":false}